# term	中文	一句话说明	单元
anther	花药	雄蕊顶端，产生花粉	GM
filament	花丝	支撑花药的细柄	GM
stamen	雄蕊	anther + filament，花的雄性部分	GM
stigma	柱头	雌蕊顶端，有黏性，接住花粉	GM
style	花柱	连接柱头和子房	GM
ovary	子房	里面有胚珠，受精后变成果实	GM
ovule	胚珠	含卵细胞，受精后变成种子	GM
carpel / pistil	心皮 / 雌蕊	stigma + style + ovary，花的雌性部分	GM
sepal	萼片	花最外层，花苞时保护花	GM
petal	花瓣	虫媒花的花瓣大而鲜艳，吸引昆虫	GM
nectary / nectar	蜜腺 / 花蜜	产生甜的花蜜，吸引昆虫	GM
pollen	花粉	含雄性细胞核	GM
pollination	授粉	花粉从花药到柱头	GM
self- / cross-pollination	自花 / 异花授粉	同一株 / 同种另一株	GM
fertilisation	受精	花粉细胞核和胚珠细胞核融合	GM
pollen tube	花粉管	从柱头沿花柱长到胚珠	GM
micropyle	珠孔	胚珠上的小孔，花粉管从这里进入	GM
nucleus	细胞核	复数 nuclei	GM
gamete	配子	性细胞：花粉和胚珠里的卵	GM
zygote	合子	两个细胞核融合后形成的细胞	GM
embryo	胚	种子里的小植物	GM
asexual reproduction	无性生殖	一个亲本，没有配子，后代一样	GM
sexual reproduction	有性生殖	两个亲本，有配子，后代有变异	GM
variation	变异	后代之间的差异	GM
clone	克隆	和亲本基因完全相同的后代	GM
runners / bulbs / cuttings	匍匐茎 / 鳞茎 / 扦插	无性生殖的方式	GM
seed dispersal	种子传播	把种子带到远处，减少竞争	GM
competition	竞争	争夺光、水、矿物质、空间	GM
germination	萌发	种子长出根和芽	GM
testa	种皮	种子的硬外皮	GM
radicle	胚根	长成根	GM
plumule	胚芽	长成茎和叶	GM
cotyledon	子叶	储存养分	GM
photosynthesis	光合作用	二氧化碳 + 水 → 葡萄糖 + 氧气（需光和叶绿素）	GM
respiration	呼吸作用	葡萄糖 + 氧气 → 二氧化碳 + 水 + 能量	GM
glucose	葡萄糖	光合作用产生的糖	GM
starch	淀粉	葡萄糖储存的形式，遇碘变蓝黑	GM
chlorophyll	叶绿素	绿色色素，吸收光能	GM
chloroplast	叶绿体	含叶绿素，光合作用的场所	GM
mitochondria	线粒体	呼吸作用的场所	GM
waxy cuticle	蜡质角质层	叶表面透明的防水层	GM
epidermis	表皮	上表皮 / 下表皮	GM
palisade layer	栅栏层	光合作用最多的一层	GM
spongy layer	海绵层	细胞间有空隙，让气体流动	GM
vein	叶脉	里面有 xylem 和 phloem	GM
xylem	木质部（导管）	把水和矿物质往上运	GM
phloem	韧皮部（筛管）	运送葡萄糖	GM
stomata / stoma	气孔	叶子下面的小孔，气体和水蒸气进出	GM
guard cells	保卫细胞	控制气孔开关	GM
root hair	根毛	吸水，表面积大	GM
osmosis	渗透作用	水从水浓度高处经半透膜到水浓度低处	GM
semi-permeable membrane	半透膜	小分子（水）能过，大分子（糖）不能过	GM
transpiration	蒸腾作用	水蒸气从叶子的气孔散失	GM
concentration	浓度	一定体积里有多少某种物质	GM
Visking tubing	透析袋	实验用的半透膜袋子	GM
iodine	碘液	测淀粉：蓝黑 = 有淀粉	GM
ethanol	乙醇（酒精）	去掉叶绿素；易燃	GM
variegated	斑叶的	叶子有绿有白	GM
soda lime	碱石灰	吸收二氧化碳	GM
control	对照组	用来比较的一组	GM
wilt	萎蔫	植物缺水变软下垂	GM
lustrous	有光泽的	表面能反光	MM
malleable	有延展性的	能锤打成形	MM
ductile	可拉成丝的	能拉成细丝	MM
sonorous	敲击会响的	敲打时发出响声	MM
conductor	导体	让热或电通过	MM
density	密度	质量 ÷ 体积，单位 g/mL 或 g/cm3	MM
displacement method	排水法	用量筒读数差测不规则物体的体积	MM
melting point	熔点	固体变成液体的温度	MM
boiling point	沸点	液体变成气体的温度	MM
annealing	退火	烧红后慢慢冷却 → 软、易弯	MM
quenching	淬火	烧红后放冷水快速冷却 → 硬但脆	MM
tempering	回火	加热到出现蓝色光泽 → 有韧性、有弹性	MM
brittle	脆的	容易断	MM
alloy	合金	金属和另一种元素的混合物	MM
mixture / compound	混合物 / 化合物	比例可变、无化学结合 / 比例固定、化学结合	MM
bronze / brass	青铜 / 黄铜	铜 + 锡 / 铜 + 锌	MM
solder	焊锡	锡 + 铅，熔点低，用来连接电线	MM
stainless steel	不锈钢	铁 + 铬 + 镍，不生锈	MM
nitinol	镍钛合金	形状记忆合金（smart alloy）	MM
corrosion	腐蚀	金属和氧气、水等物质的化学反应	MM
rusting	生锈	铁和钢的腐蚀，需要水和氧气	MM
galvanising	镀锌	在铁上镀一层锌防锈	MM
calcium chloride	氯化钙	吸水，让空气变干燥	MM
reactivity series	金属活动性顺序	金属从最活泼到最不活泼的排列	MM
word equation	文字方程式	用物质名称写的方程式	MM
oxide / hydroxide / chloride	氧化物 / 氢氧化物 / 氯化物	金属和氧气 / 水 / 盐酸的产物	MM
hydrochloric acid	盐酸	常用的稀酸	MM
hydrogen	氢气	用点燃的木条测试，噗的一声	MM
squeaky pop	噗的一声	氢气遇火的声音	MM
ore	矿石	含金属化合物的岩石	MM
extraction	提炼	从矿石中取出纯金属	MM
